{"mse": 7.9271453333333355, "r2_score": 0.891903226702447}